epoch,step,global_step,step_time_s,loss,cls_loss,lm_loss,consistency
1,0,0,499.02,0.813354,0.813354,,
1,199,199,3.146,0.640454,0.640454,,
1,399,399,1.904,0.532764,0.532764,,
1,599,599,1.491,0.698389,0.698389,,
1,799,799,1.284,0.839966,0.839966,,
1,999,999,1.16,0.832373,0.832373,,
1,1199,1199,1.077,0.656299,0.656299,,
1,1399,1399,1.019,0.67561,0.67561,,
1,1599,1599,0.975,0.647876,0.647876,,
1,1799,1799,0.94,0.354419,0.354419,,
1,1999,1999,0.913,0.731006,0.731006,,
1,2199,2199,0.89,0.655188,0.655188,,
1,2399,2399,0.872,0.632129,0.632129,,
1,2599,2599,0.856,0.340228,0.340228,,
1,2799,2799,0.842,0.638354,0.638354,,
1,2999,2999,0.83,0.379645,0.379645,,
1,3199,3199,0.82,0.496283,0.496283,,
1,3399,3399,0.811,0.47587,0.47587,,
1,3599,3599,0.803,0.583014,0.583014,,
1,3799,3799,0.796,0.955481,0.955481,,
1,3999,3999,0.789,0.486005,0.486005,,
1,4199,4199,0.783,0.499231,0.499231,,
1,4399,4399,0.778,0.355188,0.355188,,
1,4599,4599,0.773,0.240082,0.240082,,
1,4799,4799,0.768,0.38396,0.38396,,
1,4999,4999,0.764,0.611746,0.611746,,
1,5199,5199,0.76,0.297806,0.297806,,
1,5399,5399,0.757,0.282629,0.282629,,
1,5599,5599,0.754,0.338705,0.338705,,
1,5799,5799,0.751,0.300693,0.300693,,
1,5999,5999,0.748,0.28316,0.28316,,
1,6199,6199,0.745,0.321112,0.321112,,
1,6399,6399,0.743,0.25368,0.25368,,
1,6599,6599,0.74,0.642157,0.642157,,
1,6799,6799,0.738,0.323462,0.323462,,
1,6999,6999,0.736,0.302344,0.302344,,
1,7199,7199,0.734,0.455701,0.455701,,
1,7399,7399,0.732,0.20575,0.20575,,
1,7599,7599,0.73,0.284741,0.284741,,
1,7799,7799,0.729,0.245395,0.245395,,
1,7999,7999,0.727,0.529712,0.529712,,
1,8199,8199,0.726,0.215659,0.215659,,
1,8399,8399,0.724,0.202512,0.202512,,
1,8599,8599,0.723,0.293562,0.293562,,
1,8799,8799,0.721,0.51944,0.51944,,
1,8999,8999,0.72,0.235297,0.235297,,
1,9199,9199,0.719,0.374442,0.374442,,
1,9399,9399,0.718,0.255487,0.255487,,
1,9599,9599,0.717,0.224762,0.224762,,
1,9799,9799,0.716,0.562415,0.562415,,
1,9999,9999,0.715,0.646493,0.646493,,
1,10199,10199,0.714,0.222247,0.222247,,
1,10399,10399,0.713,0.299548,0.299548,,
1,10599,10599,0.712,0.214813,0.214813,,
1,10799,10799,0.711,0.232791,0.232791,,
1,10999,10999,0.71,0.249057,0.249057,,
1,11199,11199,0.709,0.209412,0.209412,,
1,11399,11399,0.709,0.230325,0.230325,,
1,11599,11599,0.708,0.3185,0.3185,,
1,11799,11799,0.707,0.564789,0.564789,,
1,11999,11999,0.706,0.452335,0.452335,,
1,12079,12079,0.706,0.237292,0.237292,,
2,0,12080,402.949,0.920337,0.920337,,
2,199,12279,2.668,0.267682,0.267682,,
2,399,12479,1.667,0.491461,0.491461,,
2,599,12679,1.334,0.332812,0.332812,,
2,799,12879,1.167,0.44057,0.44057,,
2,999,13079,1.068,0.215656,0.215656,,
2,1199,13279,1.002,0.366092,0.366092,,
2,1399,13479,0.954,0.68219,0.68219,,
2,1599,13679,0.918,0.654578,0.654578,,
2,1799,13879,0.89,0.279102,0.279102,,
2,1999,14079,0.867,0.49635,0.49635,,
2,2199,14279,0.849,0.716646,0.716646,,
2,2399,14479,0.834,0.602557,0.602557,,
2,2599,14679,0.821,0.20101,0.20101,,
2,2799,14879,0.81,0.216684,0.216684,,
2,2999,15079,0.8,0.405548,0.405548,,
2,3199,15279,0.792,0.508344,0.508344,,
2,3399,15479,0.784,0.339362,0.339362,,
2,3599,15679,0.777,0.39313,0.39313,,
2,3799,15879,0.772,0.209103,0.209103,,
2,3999,16079,0.766,0.635782,0.635782,,
2,4199,16279,0.761,0.27424,0.27424,,
2,4399,16479,0.757,0.238449,0.238449,,
2,4599,16679,0.753,0.42066,0.42066,,
2,4799,16879,0.749,0.236995,0.236995,,
2,4999,17079,0.746,0.19903,0.19903,,
2,5199,17279,0.743,0.206879,0.206879,,
2,5399,17479,0.74,0.402246,0.402246,,
2,5599,17679,0.737,0.22811,0.22811,,
2,5799,17879,0.735,0.20119,0.20119,,
2,5999,18079,0.732,0.467169,0.467169,,
2,6199,18279,0.73,0.258972,0.258972,,
2,6399,18479,0.728,0.298734,0.298734,,
2,6599,18679,0.726,0.209503,0.209503,,
2,6799,18879,0.725,0.202927,0.202927,,
2,6999,19079,0.723,0.214566,0.214566,,
2,7199,19279,0.721,0.342133,0.342133,,
2,7399,19479,0.72,0.226389,0.226389,,
2,7599,19679,0.718,0.202505,0.202505,,
2,7799,19879,0.717,0.203491,0.203491,,
2,7999,20079,0.716,0.210574,0.210574,,
2,8199,20279,0.714,0.254062,0.254062,,
2,8399,20479,0.713,0.668097,0.668097,,
2,8599,20679,0.712,0.426544,0.426544,,
2,8799,20879,0.711,0.784253,0.784253,,
2,0,12080,324.503,0.277606,0.277606,,
2,199,12279,2.276,0.545656,0.545656,,
2,399,12479,1.47,0.541217,0.541217,,
2,599,12679,1.202,0.303894,0.303894,,
2,799,12879,1.068,0.21199,0.21199,,
2,999,13079,0.988,0.214386,0.214386,,
2,1199,13279,0.934,0.202261,0.202261,,
2,1399,13479,0.896,0.339954,0.339954,,
2,1599,13679,0.867,0.209036,0.209036,,
2,1799,13879,0.845,0.20921,0.20921,,
2,1999,14079,0.827,0.236313,0.236313,,
2,2199,14279,0.812,0.483472,0.483472,,
2,2399,14479,0.8,0.205051,0.205051,,
2,2599,14679,0.79,0.22533,0.22533,,
2,2799,14879,0.781,0.220334,0.220334,,
2,2999,15079,0.773,0.639954,0.639954,,
2,3199,15279,0.767,0.199051,0.199051,,
2,3399,15479,0.761,0.343542,0.343542,,
2,3599,15679,0.755,0.271124,0.271124,,
2,3799,15879,0.751,0.210135,0.210135,,
2,3999,16079,0.747,0.291916,0.291916,,
2,4199,16279,0.743,0.221539,0.221539,,
2,4399,16479,0.739,0.199867,0.199867,,
2,4599,16679,0.736,0.504114,0.504114,,
2,4799,16879,0.733,0.201279,0.201279,,
2,4999,17079,0.73,0.236815,0.236815,,
2,5199,17279,0.728,0.653241,0.653241,,
2,5399,17479,0.726,0.292815,0.292815,,
2,5599,17679,0.724,0.418814,0.418814,,
2,5799,17879,0.722,0.712585,0.712585,,
2,5999,18079,0.72,0.311694,0.311694,,
2,6199,18279,0.718,0.459833,0.459833,,
2,6399,18479,0.716,0.232736,0.232736,,
2,6599,18679,0.715,0.206436,0.206436,,
2,6799,18879,0.713,0.238611,0.238611,,
2,6999,19079,0.712,0.280191,0.280191,,
2,7199,19279,0.711,0.47222,0.47222,,
2,7399,19479,0.71,0.220164,0.220164,,
2,7599,19679,0.708,0.29538,0.29538,,
2,7799,19879,0.707,0.929602,0.929602,,
2,7999,20079,0.707,0.202966,0.202966,,
2,8199,20279,0.706,0.201031,0.201031,,
2,8399,20479,0.705,0.20368,0.20368,,
2,8599,20679,0.704,0.217499,0.217499,,
2,8799,20879,0.703,0.200781,0.200781,,
2,8999,21079,0.702,0.358717,0.358717,,
2,9199,21279,0.702,0.63595,0.63595,,
2,9399,21479,0.701,0.246304,0.246304,,
2,9599,21679,0.7,0.200977,0.200977,,
2,9799,21879,0.7,0.216508,0.216508,,
2,9999,22079,0.699,0.201263,0.201263,,
2,10199,22279,0.698,0.20014,0.20014,,
2,10399,22479,0.698,0.223724,0.223724,,
2,10599,22679,0.697,0.494202,0.494202,,
2,10799,22879,0.697,0.21138,0.21138,,
2,10999,23079,0.696,0.234769,0.234769,,
2,11199,23279,0.696,0.263419,0.263419,,
2,11399,23479,0.695,0.201382,0.201382,,
2,11599,23679,0.695,0.854117,0.854117,,
2,11799,23879,0.694,0.205679,0.205679,,
2,11999,24079,0.694,0.205368,0.205368,,
2,12079,24159,0.694,0.670065,0.670065,,
3,0,24160,363.329,0.239124,0.239124,,
3,199,24359,2.472,0.224335,0.224335,,
3,399,24559,1.57,0.267865,0.267865,,
3,599,24759,1.269,0.206458,0.206458,,
3,799,24959,1.118,0.199466,0.199466,,
3,999,25159,1.027,0.322906,0.322906,,
3,1199,25359,0.967,0.232211,0.232211,,
3,1399,25559,0.924,0.35206,0.35206,,
3,1599,25759,0.892,0.206094,0.206094,,
3,1799,25959,0.867,0.203156,0.203156,,
3,1999,26159,0.846,0.201575,0.201575,,
3,2199,26359,0.83,0.232495,0.232495,,
3,2399,26559,0.816,0.232416,0.232416,,
3,2599,26759,0.805,0.202719,0.202719,,
3,2799,26959,0.795,0.202148,0.202148,,
3,2999,27159,0.786,0.2289,0.2289,,
3,3199,27359,0.778,0.199112,0.199112,,
3,3399,27559,0.772,0.206055,0.206055,,
3,3599,27759,0.766,0.27713,0.27713,,
3,3799,27959,0.76,0.235056,0.235056,,
3,3999,28159,0.756,0.260172,0.260172,,
3,4199,28359,0.751,0.327979,0.327979,,
3,4399,28559,0.747,0.212012,0.212012,,
3,4599,28759,0.744,0.276547,0.276547,,
3,4799,28959,0.741,0.199063,0.199063,,
3,4999,29159,0.738,0.422946,0.422946,,
3,5199,29359,0.735,0.267947,0.267947,,
3,5399,29559,0.732,0.210123,0.210123,,
3,5599,29759,0.73,0.211905,0.211905,,
3,5799,29959,0.728,0.199619,0.199619,,
3,5999,30159,0.726,0.240143,0.240143,,
3,6199,30359,0.724,0.22518,0.22518,,
3,6399,30559,0.722,0.226852,0.226852,,
3,6599,30759,0.72,0.24454,0.24454,,
3,6799,30959,0.718,0.219177,0.219177,,
3,6999,31159,0.717,0.206647,0.206647,,
3,7199,31359,0.715,0.199875,0.199875,,
3,7399,31559,0.714,0.494208,0.494208,,
3,7599,31759,0.713,0.242242,0.242242,,
3,7799,31959,0.712,0.505286,0.505286,,
3,7999,32159,0.71,0.224225,0.224225,,
3,8199,32359,0.709,0.335925,0.335925,,
3,8399,32559,0.708,0.205423,0.205423,,
3,8599,32759,0.707,0.200516,0.200516,,
3,8799,32959,0.706,0.363464,0.363464,,
3,8999,33159,0.705,0.263647,0.263647,,
3,9199,33359,0.705,0.241287,0.241287,,
3,9399,33559,0.704,0.201398,0.201398,,
3,9599,33759,0.703,0.201404,0.201404,,
3,9799,33959,0.702,0.942899,0.942899,,
3,9999,34159,0.701,0.25751,0.25751,,
3,10199,34359,0.701,0.199634,0.199634,,
3,10399,34559,0.7,0.202071,0.202071,,
3,10599,34759,0.699,0.434964,0.434964,,
3,10799,34959,0.699,0.28728,0.28728,,
3,10999,35159,0.698,0.199237,0.199237,,
3,11199,35359,0.698,0.416272,0.416272,,
3,11399,35559,0.697,0.214169,0.214169,,
3,11599,35759,0.696,0.200186,0.200186,,
3,11799,35959,0.696,0.28548,0.28548,,
3,11999,36159,0.695,0.268719,0.268719,,
3,12079,36239,0.695,0.711478,0.711478,,
4,0,26295,681.021,1.215923,0.201819,3.35121,0.174814
4,199,26494,17.633,1.039215,0.224323,2.701455,0.08913
4,399,26694,15.846,1.029996,0.330615,2.29064,0.243772
4,599,26894,15.226,0.878719,0.20036,2.166401,0.568772
4,799,27094,15.171,0.862342,0.225862,2.067079,0.32713
4,0,26295,669.314,1.188965,0.205029,3.179054,0.604385
4,0,26295,614.499,1.152842,0.21597,3.076899,0.276055
4,199,26494,5.306,1.143343,0.707602,1.450162,0.013846
4,399,26694,3.781,0.877165,0.518878,1.190667,0.021734
4,599,26894,3.272,0.52031,0.205997,1.039819,0.047358
4,799,27094,3.018,0.701806,0.378522,1.073646,0.0238
4,999,27294,2.865,0.467376,0.200812,0.883569,0.029868
4,1199,27494,2.764,0.767941,0.428079,1.132468,0.002428
4,1399,27694,2.691,0.717574,0.40752,1.030288,0.019354
4,1599,27894,2.638,0.717135,0.42726,0.963036,0.019282
4,1799,28094,2.6,0.834473,0.572632,0.872459,0.002073
4,1999,28294,2.569,0.479563,0.202707,0.922461,0.002348
4,2199,28494,2.545,0.431211,0.199426,0.772412,0.00122
4,2399,28694,2.524,0.702125,0.427191,0.91135,0.030579
4,2599,28894,2.507,0.466672,0.225082,0.797603,0.04617
4,2799,29094,2.492,0.933314,0.675433,0.845472,0.084787
4,2999,29294,2.479,0.462031,0.205392,0.849883,0.033465
4,3199,29494,2.468,0.751562,0.481049,0.90155,0.000956
4,3399,29694,2.458,0.412103,0.206825,0.683208,0.006302
4,3599,29894,2.449,0.457301,0.199524,0.857811,0.008685
4,3799,30094,2.441,0.679746,0.391287,0.961087,0.002642
4,3999,30294,2.433,0.455954,0.211005,0.812561,0.023625
4,4199,30494,2.427,0.850388,0.608795,0.805035,0.001653
4,4399,30694,2.421,0.432607,0.202057,0.764572,0.023564
4,4599,30894,2.416,0.463824,0.209964,0.845957,0.00146
4,4799,31094,2.411,0.461012,0.216815,0.806649,0.044046
4,4999,31294,2.406,0.556823,0.318076,0.795335,0.002945
4,5199,31494,2.402,0.817771,0.565274,0.840796,0.005157
4,5399,31694,2.398,0.431847,0.210074,0.738261,0.005905
4,5599,31894,2.395,0.535772,0.289429,0.819748,0.008385
4,5799,32094,2.391,0.473451,0.259689,0.712331,0.001249
4,5999,32294,2.388,0.425667,0.226331,0.663949,0.003032
4,6199,32494,2.385,0.519689,0.276089,0.803255,0.052461
4,6399,32694,2.383,0.411719,0.208533,0.677043,0.001479
4,6599,32894,2.38,0.388767,0.212851,0.585241,0.00688
4,6799,33094,2.378,0.451359,0.232578,0.728221,0.006296
4,6999,33294,2.376,0.658933,0.379605,0.928904,0.013136
4,7199,33494,2.373,0.496093,0.269943,0.752843,0.005942
4,7399,33694,2.371,0.500592,0.206375,0.97928,0.008649
4,7599,33894,2.37,0.603478,0.385794,0.725466,0.000884
4,7799,34094,2.368,0.855077,0.59332,0.869717,0.016841
4,7999,34294,2.366,0.456053,0.215723,0.800129,0.005839
4,8199,34494,2.364,0.401194,0.202292,0.659469,0.021221
4,8399,34694,2.363,0.565406,0.327155,0.792791,0.008279
4,8599,34894,2.361,0.469243,0.213702,0.849577,0.013357
4,8764,35059,2.36,0.429779,0.215736,0.712948,0.003166
5,0,35060,1417.763,0.462927,0.203284,0.776858,0.01381
5,199,35259,9.369,0.646834,0.391568,0.765451,0.002316
5,399,35459,5.834,0.667615,0.369839,0.891948,0.009189
5,599,35659,4.655,0.585282,0.271246,0.932163,0.066301
5,799,35859,4.066,0.500037,0.228601,0.809766,0.030275
5,999,36059,3.713,0.623081,0.368518,0.761675,0.013418
5,1199,36259,3.478,0.485909,0.202338,0.847918,0.018638
5,1399,36459,3.309,0.55616,0.329286,0.678266,0.015694
5,1599,36659,3.183,0.483298,0.213774,0.807604,0.006457
5,1799,36859,3.085,0.54698,0.23811,0.925865,0.004951
5,1999,37059,3.006,0.568897,0.303186,0.796826,0.002044
5,2199,37259,2.942,0.66298,0.437695,0.675571,0.001885
5,2399,37459,2.888,0.462554,0.201596,0.780245,0.017536
5,2599,37659,2.843,0.462618,0.202283,0.780623,0.002548
5,2799,37859,2.804,0.981419,0.718811,0.786686,0.007587
5,2999,38059,2.77,0.49434,0.202069,0.876496,0.00211
5,3199,38259,2.741,0.45825,0.199002,0.776584,0.007736
5,3399,38459,2.715,0.477564,0.208798,0.806009,0.001914
5,3599,38659,2.692,0.585327,0.346271,0.715873,0.008634
5,3799,38859,2.671,0.520816,0.287421,0.700045,0.000948
5,3999,39059,2.653,0.446769,0.244067,0.606899,0.008032
5,4199,39259,2.636,0.750618,0.506894,0.731002,0.001135
5,4399,39459,2.621,0.544371,0.28989,0.761294,0.014327
5,4599,39659,2.607,0.451892,0.201614,0.750389,0.002952
5,4799,39859,2.594,0.461212,0.200735,0.780619,0.005408
5,4999,40059,2.582,0.654871,0.381363,0.816728,0.025305
5,5199,40259,2.571,0.520523,0.259662,0.782429,0.001032
5,5399,40459,2.561,0.483723,0.203027,0.839172,0.019437
5,5599,40659,2.552,0.427301,0.207358,0.65958,0.001672
5,5799,40859,2.543,0.490024,0.228723,0.781783,0.014134
5,5999,41059,2.535,0.426187,0.200839,0.675382,0.004401
5,6199,41259,2.527,0.471728,0.235712,0.706276,0.011819
5,6399,41459,2.52,0.470597,0.20528,0.795146,0.005383
5,6599,41659,2.513,0.443715,0.212555,0.693088,0.002623
5,6799,41859,2.507,0.515512,0.249438,0.797471,0.005002
5,6999,42059,2.501,0.492019,0.201956,0.869367,0.005471
5,7199,42259,2.496,0.461954,0.208279,0.760666,0.002391
5,7399,42459,2.49,0.714752,0.493713,0.661408,0.011388
5,7599,42659,2.485,0.465294,0.206735,0.772171,0.023375
5,7799,42859,2.481,0.433878,0.209518,0.672099,0.006541
5,7999,43059,2.476,0.488774,0.23244,0.768192,0.005399
5,8199,43259,2.472,0.475804,0.214063,0.784653,0.003813
5,8399,43459,2.468,0.458407,0.220895,0.712156,0.002532
5,8599,43659,2.464,0.59349,0.313171,0.83972,0.00825
5,8764,43824,2.461,0.43637,0.20032,0.707999,0.000991
6,0,43825,1403.781,0.845324,0.618515,0.61571,0.020983
6,199,44024,9.3,0.509113,0.226855,0.767724,0.015173
6,399,44224,5.799,0.475535,0.202051,0.74528,0.004293
6,599,44424,4.633,0.498061,0.205769,0.796773,0.002836
6,799,44624,4.049,0.455811,0.2246,0.626809,0.02761
6,999,44824,3.699,0.491321,0.202353,0.787885,0.001532
6,1199,45024,3.466,0.548128,0.264383,0.772996,0.006263
6,1399,45224,3.299,0.426026,0.199481,0.616396,0.01067
6,1599,45424,3.174,0.646697,0.410675,0.643565,0.000959
6,1799,45624,3.077,0.5054,0.206461,0.814813,0.003504
6,1999,45824,2.999,0.443526,0.200012,0.662894,0.009046
6,2199,46024,2.935,0.481071,0.201517,0.762371,0.000357
6,2399,46224,2.882,0.493306,0.198856,0.802634,0.003033
6,2599,46424,2.837,0.507073,0.220914,0.779734,0.005127
6,2799,46624,2.799,0.560668,0.28605,0.746206,0.020165
6,2999,46824,2.766,0.781633,0.512595,0.733697,0.000324
6,3199,47024,2.737,0.449086,0.20058,0.677534,0.001548
6,3399,47224,2.711,0.484656,0.208755,0.751435,0.007492
6,3599,47424,2.688,0.44691,0.206491,0.655057,0.004636
6,3799,47624,2.668,0.461233,0.200119,0.711451,0.004973
6,3999,47824,2.649,0.454632,0.216676,0.648569,0.002951
6,4199,48024,2.633,0.444126,0.200812,0.661532,0.015051
6,4399,48224,2.618,0.480977,0.201184,0.758526,0.033328
6,4599,48424,2.604,0.432671,0.20426,0.620807,0.015624
6,4799,48624,2.591,0.468084,0.200415,0.728226,0.01305
6,4999,48824,2.579,0.469147,0.201073,0.729671,0.010572
6,5199,49024,2.569,0.694945,0.412323,0.770205,0.004264
6,5399,49224,2.559,0.61402,0.387869,0.616466,0.002273
6,5599,49424,2.549,0.560146,0.319546,0.655793,0.002846
6,5799,49624,2.541,0.497755,0.198938,0.814658,0.002179
6,5999,49824,2.533,0.52414,0.213797,0.845509,0.006458
6,6199,50024,2.525,0.435947,0.231766,0.556554,0.002231
6,6399,50224,2.518,0.487293,0.203479,0.773868,0.001242
6,6599,50424,2.512,0.657803,0.366498,0.793718,0.005507
6,6799,50624,2.505,0.445991,0.204184,0.659384,0.000655
6,6999,50824,2.5,0.497226,0.222739,0.74857,0.000243
6,7199,51024,2.494,0.477533,0.200363,0.755573,0.002533
6,7399,51224,2.489,0.461923,0.208878,0.689881,0.001774
6,7599,51424,2.484,0.478015,0.206296,0.740598,0.003319
6,7799,51624,2.479,0.487496,0.201375,0.779621,0.0052
6,7999,51824,2.475,0.482082,0.233185,0.677206,0.011762
6,8199,52024,2.47,0.485372,0.201193,0.769218,0.042652
6,8399,52224,2.466,0.487681,0.213504,0.745677,0.015231
6,8599,52424,2.462,0.485721,0.218234,0.729182,0.002405
6,8764,52589,2.459,0.526871,0.284937,0.659494,0.002393
